t4_x,t4_y,t8_x,t8_y,t12_x,t12_y,t16_x,t16_y,t20_x,t20_y,d_4_8,d_8_12,d_12_16,d_16_20,d_4_20,curl_thumb,curl_index,curl_middle,curl_ring,curl_pinky,spread_angle,Label
-0.041779040643611466,-0.6516600409770524,-0.22069419309904584,-1.9414115138203056,0.32390774007789813,-2.0997956652661673,0.008202229938816962,-0.452580065934713,0.05918929281936335,-0.2989087162371607,1.302101952029676,0.5671655887386771,1.6771968279880152,0.16190912358187912,0.36691702259235537,23.71446075241874,0.33693631123045154,1.730873422489841,154.42844511459478,62.94970713001001,37.510357966322296,1
-0.18012620174761051,-0.5082476789579645,-0.1981502047460892,-1.9348884225262029,0.25963919811277747,-2.083374890668547,-0.12999611227796165,-0.45825341392415286,-0.037693873652647064,-0.2559404076725683,1.42675459553948,0.4812684994795162,1.67117787481739,0.2223741346330508,0.2897342355159877,40.153390947439426,0.6340005641142189,5.951698432546657,106.29248211231103,31.557781198290876,36.914431353990686,1
-0.2545919230614521,-0.6334618511581225,-0.16514159976429302,-1.8704770652643397,0.27480991268186333,-2.0017689856648753,-0.13808061590962295,-0.5173111459047464,-0.07612024681801058,-0.25341517276219355,1.240245137167736,0.4591240591235892,1.5408094193072241,0.2710722633889786,0.41986618937576103,71.23731478328769,2.0161173350403523,5.643753744712137,102.26584829665823,35.88750019313563,35.74679034274689,1
-0.13507651738654988,-0.7061445379750783,-0.1272233267723956,-1.8735827662198843,0.26430355370018926,-1.9956214526525846,-0.04728898535122618,-0.5464620850299986,-0.048984918948933004,-0.3481582827651939,1.1674646415931378,0.41010576577123703,1.4822795900776617,0.19831105411309424,0.3681927786374148,53.456909457920986,2.535791010363606,2.116098243247724,121.91563266511012,43.75770705029097,34.12521374783324,1
-0.20990691051327898,-0.7230413714334806,-0.18930097025382725,-1.848796278084797,0.2282764947245413,-1.9713140235584172,-0.11503066112696197,-0.5289221703821833,-0.07677746950993691,-0.34495820237422103,1.1259434775438286,0.4351798906356995,1.4826847478031258,0.1878990372357543,0.400837037694566,51.4028425517975,3.372411798229496,3.010866073934673,104.73225066524593,35.708631307420085,33.601658950443664,1
-0.2218894101890684,-0.7302569296335081,-0.18360090785783034,-1.8400091597102017,0.23113737860026176,-1.9658176495984185,-0.12496687502196693,-0.5258459884307053,-0.06111877867211867,-0.34556929859341473,1.1104125456653324,0.4334000719683235,1.4833504725498787,0.19124922040675138,0.41693137257059204,48.95362751169197,2.6008669294124305,2.5010869602599692,104.12428993936804,38.30878332325824,33.77346295001222,1
-0.32792865128089865,-0.4672812369450732,-0.8288887247454408,-1.6586119339592773,-0.35186750807989386,-2.033184594266876,-0.2306113629806103,-0.3569622193972801,-0.14147885550616443,-0.17180028000069017,1.2923737171785679,0.6065096198734118,1.6806024225669218,0.20549829120892613,0.3493887838228475,42.49583421599859,0.4531058159014181,5.49944159922585,92.67120507929388,6.993744789158875,36.57332693935018,1
-0.35540689518876495,-0.4248958796965895,-1.6988926599808811,-0.5423060360098333,-1.4887236890722988,-1.4855474688038275,-0.3570139555347191,-0.4054410156007977,-0.23064488065098962,-0.48324646530573806,1.3486063714088545,0.9663722868915683,1.5644158242726032,0.14840091337575262,0.13773289771312677,4.852850416336772,4.588207370515235,7.547359995255733,170.19970557912123,165.1172081127388,41.45889514342326,1
-0.4520251291657353,0.12441721324310204,-1.9605643048225807,0.6820736194419508,-2.136632077271614,-0.5459611000956772,-0.3956581276342323,0.023612209517085037,-0.3130661972013515,-0.17413145708311858,1.6083131261872017,1.2405922508564307,1.8317762003965496,0.21429882093264607,0.32930364912377846,11.059117296252538,3.9112299687026333,6.638869577827916,32.96885350282826,14.111250289095771,58.519269409629196,1
-0.5196666813172918,0.5434049548054265,-1.757840525221822,1.1337270975850062,-2.122174017773253,0.1479573976646955,-0.38483742599690357,0.32030983421112363,-0.3116570117292255,0.11473353302818105,1.3716977436684785,1.0509428124668359,1.7458647701092291,0.21821317247235303,0.4764737248691281,62.72551842457389,0.9188158889054059,2.7734527360142525,52.96175349762822,21.27193304126293,60.68727777889353,1
-0.44322056605385807,-0.8299800472445512,-0.03432914834154471,-2.011234376177698,-0.5852815920282647,-2.022514130082304,-0.440113943146065,-0.7581572150277848,-0.44300161568757784,-0.5186424478335936,1.2500215922543434,0.5510678978606146,1.2726633706240496,0.23953217394912651,0.31133767640014404,34.500941009370216,14.088856967849422,4.970938157835748,165.83567784872858,176.26489558271422,35.382819301686304,1
-0.6072853468501018,-0.8889087952204598,-0.2866513580894625,-2.273697818131466,-1.0663202843428787,-1.981865488225373,-0.5781885645460506,-0.7815286212549559,-0.5429808680905857,-0.4868846525214457,1.421424212796228,0.8324960920890702,1.2957936448679497,0.2967400380817087,0.4071344707850348,28.65006418525678,10.546036097730116,4.635553165616871,165.3855232188671,143.355829393346,45.800612111790095,1
-0.3108356778410265,-0.961483594019878,0.17670601297130004,-1.9976225081941577,-0.38966014917605574,-2.1428003779881934,-0.4670736356914365,-0.749725083718271,-0.49552331639421754,-0.5352513691485348,1.145111675665914,0.5846770420526693,1.3952245781234283,0.2163523944250002,0.46452495449989495,28.13428724389732,10.838007000165693,5.759369542897012,137.86381911949402,141.224012812865,32.585088945255755,1
-0.7121536242758817,-0.8056122788050252,0.055875426737578636,-2.0920425846860415,-0.5101352971733079,-2.1854948364594184,-0.5750777374932249,-0.700880268484309,-0.5572206888002147,-0.5251246227003388,1.4982561713838396,0.5736736554380377,1.4860342983924115,0.1766604687330047,0.32043336237384523,39.01574227972577,12.323888502297601,5.15818670919946,132.00871710125773,149.57547907232097,31.898141459432342,1
0.3464830368641663,-0.9317271144477977,-0.4522308101150858,-1.8583095639403042,0.1256645148822294,-1.918294009982328,0.1924521371163765,-0.6043002999421844,0.24778880529955813,-0.5141866601968114,1.223314695842378,0.5810001208439814,1.315689954551889,0.10574788373189516,0.42904613071352654,5.054790183222201,4.6048084305692205,4.71719714085546,145.7312270919047,148.60176103622325,27.544962182436155,1
0.3876886173767169,-1.0234070699342073,-0.23426903092231777,-1.8827677412325792,0.37243507900557327,-1.9176963869190324,0.23934715857515165,-0.6388124681211703,0.25094062505831355,-0.42255396691704916,1.0608167040785388,0.6077087191186945,1.2857902131857557,0.21656903704857966,0.6162178712180146,14.130675497564832,3.1569464489403263,4.8843749109215535,172.00084497408008,169.81906793179746,33.97483367451117,1
0.3349031464031386,-1.0850936856440276,-0.27669067535880776,-1.7795495853853491,0.3630050187916335,-1.9646750724234703,0.16865670620068648,-0.7122220418334017,0.18263378271954567,-0.43764799209380645,0.9253734378632832,0.665944462448421,1.267442251323979,0.2749295681777712,0.6651104308408742,22.699452282026943,7.7464059730647294,3.679167124007753,170.13630716607315,142.6357730420181,32.87672129940914,1
0.3192323209735646,-0.844841965018588,-0.7332493105998382,-1.57600713009814,-0.24636556318029565,-1.9636200030627935,0.23536388319084442,-0.721560988924955,0.2553574527801721,-0.5821661212011716,1.281530367734304,0.6223339318960598,1.3322063857008435,0.14082141872831122,0.27033053418346026,0.8431446860946124,5.719561699286787,3.574155288132571,146.83839140201488,145.6886481866613,28.933066972312428,1
-0.7486880509948344,-0.7569775451607906,0.011954071841148356,-1.9600003945488884,-0.5275559302662306,-2.00818036622636,-0.5390992896505937,-0.5664310822092989,-0.44862051715364487,-0.3822664589709323,1.4233202082392733,0.5416570428276052,1.4417954942049116,0.20519019646436368,0.48005095873158804,24.11771235110316,12.450458080926872,9.650549407117365,108.8731622498247,110.19581037396067,24.152178110866963,1
-0.775922431434444,-0.8102752910915558,0.05803770198544463,-2.1509374828541623,-0.2981918168235294,-2.1592013476299883,-0.5374896880765405,-0.6260793671132681,-0.4296012486241343,-0.35333978773711705,1.5788808113836315,0.35632535909180857,1.5516850448237662,0.2933032449969746,0.5733484245107038,14.2885863106498,10.532564733832972,8.755171605480294,106.95086202842162,119.76798227957084,10.6241616588343,1
-0.02976319300119679,-0.9991455100354563,-1.3020219296677813,-1.1728919768903192,-0.8896505834818902,-1.8482873368391768,-0.07679304463088485,-0.8624150329401062,-0.012655809236713491,-0.6750864358972312,1.2840678049733205,0.7913336966132625,1.2777642889289773,0.1980040106514492,0.324510317417781,7.247434737739466,6.505144213771159,10.398084494995087,143.49817891617025,149.85229394293165,30.0406193077462,1
-0.1948907057457699,-0.526963980537859,-1.2479309152903484,-1.488781825391702,-0.5883373459631491,-2.1949100805758364,-0.14813783328451016,-0.631110800988342,-0.012629099998525038,-0.3475328292239782,1.4261792487611722,0.966271591979804,1.624574959120347,0.3142913980158582,0.2557632322899226,5.559604972348864,0.2750589482926414,0.12269442653135296,176.7500035971619,28.996152296264537,42.37044954118266,1
0.1378137360757484,-0.6593097970499173,-0.7542365821026561,-1.8956287097474998,0.019834237842001518,-2.2078428183620007,0.2282688725800402,-0.7762300758858026,0.18989149241789083,-0.4696281800251529,1.5245452515605842,0.8346635752851217,1.4467066189724165,0.30899441071555783,0.19670080971557022,1.6525364585474582,1.3355163782609725,1.0172442026393411,155.67902990260382,159.37997796153843,37.8693183627269,1
0.29750578306426456,-0.6162819532763932,-0.10406640403854883,-2.1449874863124827,0.7755898382696461,-1.9059958153246797,0.3839509393907438,-0.6123150320420162,0.2076067392447293,-0.3059832574354296,1.5805697796015497,0.9115438132274916,1.3516623084742447,0.35346348193096017,0.3230590019180236,1.1991826849159601,2.5512511826801445,6.529799348917014,154.73003165045117,148.6327039819424,38.5957523213575,1
0.31330983035124155,-0.4744306496240583,0.8134565649048354,-2.15505758367847,1.594356684398437,-1.2865902807279077,0.39190356442346924,-0.3634209902301839,0.17801139461021284,-0.1337805764974695,1.7534690323908644,1.1679214241203664,1.51596010655149,0.3138225293486036,0.3665353175822482,14.345700480968405,5.693858371804866,6.549336412981087,173.29316374301393,28.532495658920364,51.27675984740881,1
0.22467783109581554,-0.6727507634289444,0.6719492405145031,-2.0960018454588605,1.3870594088136439,-1.4071161728811847,0.2847055570370215,-0.5629025427720027,0.1583387077565334,-0.2951491770507013,1.4918764547316599,0.9929481470286462,1.3884814250788085,0.2960750672585629,0.38338471190279644,23.89308423332249,6.761967323227803,8.08664504490481,159.38247799332424,51.38684003580319,47.96703329748493,1
-0.09789585729819406,-0.29525317339157625,-0.403185740594346,-2.255126116917856,0.6411037771120311,-2.043040906536854,0.0386892244809732,-0.2043262499364121,0.14227423675747486,-0.12048266966444282,1.9835079701401108,1.0656081518333893,1.9348836868450152,0.13326515193832617,0.29702929662197436,1.0854729861752328,3.695966320810575,4.6447810799428,89.98911517541043,63.29069961268156,40.353618393106174,1
-0.016618993459701224,-0.5429706127836719,-0.46554967223990873,-2.0097995070910026,0.2829205382974451,-2.0864972838082974,-0.034932981431967346,-0.4885915929383049,0.05096438162715452,-0.3605818084737639,1.53399014322939,0.7523896630172472,1.6292125266272304,0.1541585609013292,0.19450755390402844,14.234741851187513,0.288207528303796,2.652454889052657,166.34136706819302,34.02327081558036,35.783338999809025,1
-0.022360830709022488,-0.6620203338060147,-0.5064799521712534,-1.9746295598893517,0.19490128574633084,-2.1190554983376924,-0.014610138256626213,-0.6116574296372855,0.047447681193861016,-0.4520549880930511,1.3990404941117536,0.7160967061783532,1.5218882923228838,0.17124284598729966,0.22126607226246714,4.927349906251339,0.17175927305899438,0.37267326366024006,167.64711541244657,126.34565940332938,34.11306076933164,1
0.27542886693764146,-0.7890835271859301,-0.45029941367786136,-1.9389273052989782,0.32347536483393,-2.0579272189384885,0.1265308329650936,-0.6899094739165036,0.16002354762527757,-0.5268137045607255,1.3597140329313449,0.7828718843509344,1.3821214488343896,0.16649922497435735,0.28653768964212184,2.3450167869893748,0.024662406842639484,0.30275470960794726,171.61884752176024,175.24213891471328,31.291566735153584,1
-0.17817148840864314,-0.84206632617389,-1.943792466419653,-0.23658201022025557,-1.695960263928745,-1.7444053565342257,-0.25858186950988027,-0.6048965965107995,-0.10607219245633362,-0.5874697920980794,1.8665553018484065,1.5280549873224305,1.8342673913342842,0.1535021013114032,0.26460858572660506,0.9331306741343642,3.760394264359389,1.1808046506134597,150.31811815600844,140.18833599808795,50.020500866830325,1
-0.7935256853256539,-0.8433041468724232,-1.9348745579539641,0.29281597726217495,-1.845015732808559,-0.8245917010690045,-0.5601047994622125,-0.4754097423052417,-0.41628111947106144,-0.5408232893084695,1.6104180157690517,1.121014954427455,1.3315119777752948,0.1580005792955852,0.4835371047390726,4.179730580871276,3.5741896597054392,5.120545056794688,159.71817288086874,168.850423600849,51.630775469171255,1
-0.770304394952634,-0.600090676065215,-1.8929274813064527,0.5160525355157691,-1.9348316079988694,-0.6688851347439466,-0.6569363535827115,-0.41158899843176744,-0.4348435010231598,-0.43270873893392964,1.583053461754494,1.1856783873523111,1.303540403294241,0.22309477492069926,0.3749009525645188,4.346487187027778,0.8853336063769648,3.838852429577687,167.25453401593558,168.8362179700819,53.47825886436254,1
-0.1746889469590989,-0.6390816742654853,-1.3779904136028174,-1.378591158351402,-0.540976122166625,-2.1710090761649954,-0.19263908646913486,-0.5457092687559962,-0.05250817384876671,-0.32574278637884896,1.4123769669178063,1.1526140206246245,1.6622088179293975,0.26081013408453496,0.3363174095699962,9.41403904111504,4.17573760097368,5.933331237373884,171.51579107549492,87.26624294514339,37.70772158911053,1
-0.4713548176807916,-0.8349394402846259,0.0897969404558461,-1.9959693574755855,-0.7765125053828595,-1.9749168368221495,-0.4050808537306628,-0.7063443880966195,-0.4358554034145382,-0.49929239973482653,1.2895277291598992,0.8665652108036813,1.321831127457122,0.20932653628438358,0.3375191020417744,21.690379937035907,6.5854159798665215,1.3755162405891197,168.30634384103885,169.50453005598078,39.85839170928036,1
-0.3119055717421348,-1.1119309093039562,0.3477507931971209,-2.17701480695811,-0.6560789161016483,-2.114328849489127,-0.2244199388245876,-1.0081602186834875,-0.24382152888346414,-0.780938591951868,1.2528169175290682,1.0057850737283063,1.1874083174891026,0.22804843641510922,0.3379221079451399,15.38195313002417,4.000580112940906,4.372122342541776,149.93227673307464,131.02070928123882,35.89751503663608,1
0.28904298739358486,-0.7971436298755125,-0.342298336323843,-1.9927258549209697,0.4727838132059488,-1.964966111128473,0.15830720072352816,-0.6101205497613602,0.22551358659416257,-0.49533155760709036,1.3520387286900921,0.8155547276900127,1.39086377296793,0.13301582996615716,0.30842586099886776,3.8792461951460604,0.9050916155484378,3.2164111552797507,166.8948530219028,177.56973343064178,33.442278896757976,1
-0.5480099987378132,-0.39756288092417463,-1.6600562146137428,-0.7377287759584912,-1.2039725504954826,-1.780438015669944,-0.4514317984711039,-0.28079264962656825,-0.3062596911976499,-0.186519017215676,1.1629099803460592,1.1380926444078152,1.6778718089749252,0.17309667385065278,0.32090921396054506,11.560592043999392,2.4356143726544905,6.940962844272021,78.09422267367252,25.377250796366848,43.79455094451506,1
-0.8277636978605092,-0.7762042416630803,-1.920248873511587,0.27794449835278995,-1.857011831594038,-0.9067212969650621,-0.5716235961083235,-0.44212529366936487,-0.39249238991587093,-0.49890430079050635,1.5181414377766036,1.1863523802254374,1.3667744372073303,0.187914461076378,0.5160972473553498,0.5624115613438551,1.9605632072766963,3.851195006776027,166.05800514138778,172.57703990453484,53.42780127795623,1
-0.021495516851538467,-0.6894961325186627,-0.4162329805302634,-2.015565562264974,0.468433516637875,-2.0162395300919465,-0.007613816377732015,-0.5756635174704001,0.021251773223255156,-0.36837074711071355,1.3835742834192966,0.8846667538934508,1.5171948824761656,0.2092928926323261,0.32395808982357954,5.527076221994591,5.056961923364905,4.882288250704737,179.50714723154235,137.85946193455985,32.27336317724637,1
-0.2689076940353989,-1.0179441409205592,0.5929136842122251,-2.0183147925407434,-0.20379411791025423,-2.3505325569091213,-0.320247158989829,-0.9230309688339536,-0.3909436232842533,-0.7378710408383149,1.3204080917002994,0.8631986821843247,1.432243727419955,0.198197348617692,0.3055056618416592,27.304525980837628,10.494010597396532,3.6574649932546754,165.10719175782046,175.35325457005757,37.18879979562787,1
0.13133347326975456,-0.55907021084357,-0.5314984343230926,-2.059589853127268,0.4352768719539271,-2.177712506717446,0.07756897659025523,-0.4717858479881451,0.1721126062443904,-0.34694696134480224,1.6403979195921852,0.9739648115400322,1.7430263059887603,0.15659899593077753,0.21600743196491992,1.6156579970081748,0.9321773777080455,1.6187625407038475,152.48954506748706,130.16821743570821,38.61498145899108,1
-0.8132836042341282,-0.03727256694963835,-1.6310492583203102,1.3720271232277104,-1.9978590560019573,0.36011108886612303,-0.5986362084678201,0.03433320434203039,-0.5223179680706357,-0.1263017484629682,1.6293760406170739,1.0763472898062838,1.4366474192043546,0.1778428010350336,0.3042814430571791,13.348580505756772,1.879764947923488,4.092224768165609,163.08122513817335,139.2319650636754,57.0279951681281,1
-0.5936198852337522,-0.5900862382484275,-1.880453691526089,-0.4888073996829135,-1.5666724008894166,-1.5772214275341372,-0.4368321035878999,-0.27179670110289766,-0.2682260000366783,-0.305889157386106,1.2908131732198904,1.132741715651428,1.726462514445204,0.172018352887556,0.43202912088690437,14.494066327700702,1.1528313823691811,2.09868814480192,131.3377405616189,39.36369276166686,47.82701751108103,1
-0.039807702795471175,-0.6316550427901223,-0.3584239749252595,-2.052388796218997,0.3710365400613659,-2.063048098477857,-0.0601927219023933,-0.4951057760454794,0.024278591561298205,-0.3644398350266878,1.4560222275082142,0.7295383907987285,1.6261616779547006,0.15559238715505186,0.27479268619167785,25.27435834363593,3.9309147303013248,1.3862531865749947,74.97396201405162,15.874023462814197,38.71357667818124,1
0.19192423731712954,-0.722234765173033,1.134487999571593,-1.877798830427022,1.6315608649676525,-1.0170664523717516,0.11599069064180635,-0.5620892911578657,0.07611240374507756,-0.3351593396588458,1.491225923467539,0.9939525442121117,1.5823897024855544,0.2304072061658778,0.40402941208816684,91.71118131331612,5.736953555916951,12.501196376067817,54.08750607714941,24.612038042960094,51.79495614605587,1
-0.17467606568352198,-0.8896306270453919,-0.7090563704568025,-1.7430358301531317,0.06917649540052669,-2.0717257722847715,-0.14271288704927415,-0.580700325908091,-0.08373085493502838,-0.4426482255419168,1.0069075185045282,0.8447978879939346,1.5060059734734579,0.15012415704288948,0.4561406566092324,9.77412583166732,1.147019144504542,3.5429249162693055,149.97828949148806,109.41979444897747,34.65594857146588,1
0.03662482093729135,-0.7318984553837831,0.32697808203961615,-2.168035500769783,1.1461475791613107,-1.6980457229410506,0.028364400778309717,-0.5436329387538942,0.043160659081687626,-0.3314880365529559,1.465194399853748,0.9444199575814306,1.6068939324581277,0.21266026612798627,0.4004637570224404,43.80975638986114,6.25136448816326,8.421160117050299,79.04769187044118,39.112746874474134,40.462307039349795,1
-0.7217124224395318,-0.6642049995742908,-1.900823767422914,0.07024845497070634,-1.7518962971003897,-1.3861976112182595,-0.4722890623011623,-0.363916602318068,-0.31198176537988104,-0.34146179972898694,1.3891455793982144,1.4640404827510678,1.6378196288079219,0.16187231883655226,0.5215768250036795,3.828273390457538,5.1848863857007705,5.528561285527166,166.76803914856924,174.25983949504422,51.95187074648536,1
-0.06730704245993444,-0.6383963999676772,-0.2565335033687519,-2.0464724792740663,0.5026460566319866,-1.9781113464653293,-0.08636583563996453,-0.4626529991363895,-0.01110858287075329,-0.32083391429608443,1.4207339295670138,0.7622511717287214,1.6258994469913404,0.16055001376303463,0.32249682039691085,25.35935043480794,4.421133599726822,4.510705018706734,65.85625910392237,11.313629684811298,38.66565063923756,1
-0.15002068448204578,-1.2084312780761048,-0.19438563491964994,-0.8917218707644848,-0.04752629087423353,-0.8450358863786008,0.08472545689972265,-0.7182541852484315,0.22943609638641352,-0.6619105034350834,0.31980165338379457,0.15410142138062513,0.18320514329768608,0.15529256151191156,0.6653363101930302,45.381792213816986,175.99126438460368,169.5589619331292,161.29737687611902,145.56639791636744,34.706986092497566,2
-0.03569761985349731,-1.2047469368512778,-0.1622849022089347,-0.9174351829087868,-0.02091739824322753,-0.8579424211626474,0.12292858881206814,-0.7248893391170625,0.28260689665375455,-0.622482590286787,0.3139623926645446,0.153375877756827,0.1959458870038905,0.18969529303905122,0.6635883773161558,36.90084964573607,178.00907322896535,171.35363666725453,164.23790449140515,150.7767909348192,36.4189903302591,2
-0.009003248561514148,-1.2550736530842994,-0.11807889367605855,-0.9171924318944261,0.01590532086412646,-0.8700374279533349,0.14953948594803565,-0.7344853788383829,0.2984351623433228,-0.6317828619485506,0.35505100477243284,0.14204000895041738,0.19034822851010685,0.18088042852867295,0.6949890551759207,23.068845527821242,178.77716131955196,171.1859584789209,162.84515307861523,147.07109502501964,36.616365533734296,2
-0.3522776536510873,-1.0544539030965776,-0.3814705643010314,-0.8256919463660641,-0.22573443931220027,-0.8080075705381313,-0.06477232430350578,-0.7447083826213592,0.10058118231889483,-0.7164030478764006,0.23061712616236665,0.1567369700324732,0.17296123744641465,0.16775867824750063,0.565119019350066,50.7059430932956,177.49059379336296,167.64690980915327,160.36860040223286,144.46487050805504,34.95829503690557,2
-0.4404737815256149,-1.0261267623278092,-0.3830577448195144,-0.7707260764825037,-0.2379218294913789,-0.7527331325621414,-0.0890423362423719,-0.7026863694359601,0.058047160200172455,-0.7059553956874385,0.2617749254632474,0.14624698270069372,0.157066170799091,0.1471258185919593,0.5924802387890491,59.94600618102621,167.38217302603962,155.69204190848677,145.81851695919724,129.97404266835954,32.13156030802779,2
-0.6938698028970172,-0.8248598683920033,-0.5888082018710641,-0.626258061219856,-0.44444472532232054,-0.671790927988294,-0.265860664847258,-0.683949299319646,-0.11652586797283364,-0.7461693542983634,0.22467892162412412,0.1513738924563676,0.17899746548259232,0.16177829520389997,0.5826819168311826,57.36350844335863,157.99129166345176,148.67991558319818,138.73274101421342,126.05858393577748,34.42425008713526,2
-1.0956664209678366,-0.3943986543387533,-0.8498801795566981,-0.19179321241792424,-0.7280790235682413,-0.3538537934180008,-0.5454816736354177,-0.4784138874112544,-0.4172999908897659,-0.6683565926308394,0.31852761507120364,0.2027292616131346,0.22103621698286963,0.22914793269336092,0.7315968598962932,59.62988057934402,160.7553875235895,149.0049013320118,134.0905969366231,117.49131571399715,44.23891383925777,2
-1.2114406015020307,-0.24090807367515338,-0.8829459852991391,-0.024261308517762755,-0.7375543199693694,-0.20559938990013643,-0.5699304942777953,-0.38534784640523095,-0.4981912600292908,-0.6064278673482555,0.3935029018030827,0.23242684033218744,0.24577887328947348,0.2324282542866292,0.8014545169116737,55.836137657953934,147.2542959673975,142.62876466803178,135.32704927817792,122.93319046260864,45.75842819751867,2
-0.5659358106457403,-0.9370356846426084,-0.49055232657788245,-0.706177799627204,-0.34666712084526247,-0.7081421440905409,-0.177791835540636,-0.6757940107884418,-0.02922878657385936,-0.6977094642439209,0.24285393293911198,0.1438986138845299,0.17194552542840236,0.15017079149576373,0.5876491040224733,55.25815759050158,163.77000881449928,153.08853058234152,140.13671526753578,124.62273053625255,32.449172322105454,2
-0.34406129684580083,-1.0747488793521496,-0.3587473454165903,-0.8480400509762226,-0.20691340196012029,-0.7799212983650368,-0.030503062337120055,-0.7161920577701677,0.13025171773815586,-0.6638844264355823,0.22718400666906352,0.1664142747568443,0.1875687181613741,0.1690508432776519,0.627520863775979,47.68279082675659,174.8271160266795,163.02472790707122,154.57371182396056,135.53273045447972,36.1962928510944,2
-0.2750384773334611,-1.1911723471893658,-0.355678058003929,-0.8876100771704802,-0.2150996597921212,-0.8315506971272906,-0.050160537079337666,-0.7263273141700359,0.11821006673021979,-0.6954741481974548,0.31409042288762595,0.15134378128824577,0.195644766150878,0.1711741162609774,0.6327409595498216,39.58241845462868,177.07794955835993,174.97684448658697,170.80203789231888,157.27595282433484,35.39565964989491,2
0.44467187717797485,-1.2469972072357778,0.3310260438549826,-1.0632019048116972,0.13972915129103075,-1.0329720649547267,-0.06543742517309989,-0.9547581492197668,-0.2416075627885183,-0.8683765769463715,0.21609277781739164,0.19367071105978365,0.21956944394110803,0.19620829089480207,0.7837940108226591,25.67445885321135,157.2366479982557,165.043468809737,172.89724327152948,170.91572237498104,43.40282954080338,2
0.323131821426685,-1.156708091783051,0.3679841675565216,-1.1064907704891311,0.1957532054081263,-1.039713298662718,-0.0083010103930575,-0.9501737612923312,-0.19163642902701516,-0.8699224418503978,0.06733136201865698,0.18472340151179917,0.22283503256610926,0.2001303325282296,0.5892642536947729,29.739888340319578,160.98487522598037,175.91006213147057,171.589683622219,153.92623541390228,44.060123673136694,2
0.057923915093799065,-0.9761053445349308,0.0943716873347893,-0.949913203941358,-0.05980857842793686,-0.8723532240653625,-0.19735292519454775,-0.7435554168967664,-0.33179978735547233,-0.6472556721736448,0.04488282890153629,0.1725894111150209,0.18843386760052605,0.1653771434589951,0.5099281040135888,49.501926877792805,135.7364709781324,135.31740228815605,137.2480514297644,156.7957263305063,39.11421538764044,2
0.05209146775809666,-0.8689871194428108,0.1768811833414693,-0.814159505808764,0.023491073755291674,-0.7527860438370855,-0.12481443810069932,-0.6740124246705764,-0.26890176408372496,-0.6081645616463652,0.13630311930467093,0.1652126737064946,0.16792798433691059,0.1584206380930022,0.41360012275595087,50.05161253073227,126.89886973941866,109.36053566209993,87.1786125888666,86.01551931711427,38.03122183554691,2
0.4237985019871609,-0.5751301938302364,0.25421738535554816,-0.7286754615927181,0.09237782030637322,-0.706396355698847,-0.06696002328644267,-0.6554599418382809,-0.23224582140446504,-0.609959085471767,0.2287660472410118,0.1633658574327465,0.16728139961688365,0.17143431100452958,0.6569681924928739,139.40796726554407,124.48781254693499,106.86042472489392,86.05269712039032,67.10045639062226,40.99293297952778,2
-0.1470688605945045,-1.028739303369946,-0.05670608259648435,-0.8116705138978129,0.04000278967688611,-0.7318481580257037,0.14005089405378265,-0.6026420019151268,0.24915096751481047,-0.5407197560128212,0.23512611724437735,0.1253962299009054,0.16341313890345885,0.1254479595959507,0.6286121465495461,64.74104978746153,136.78599618948135,131.9242118449609,123.85940135883034,124.89302678114794,27.955955801996456,2
-0.2108365011986579,-1.1826202056024502,-0.3180695327424499,-1.0257559829901979,-0.1434700618634177,-0.8529605518178622,0.029667461457179224,-0.7386658074266845,0.19150739971874922,-0.676301855462165,0.19001396630200143,0.2456486032227161,0.20746057595850564,0.17343998420532009,0.6467139137935851,38.46072685549093,177.3669391258463,168.2701516542497,164.46800719470335,150.04660634972802,35.292898157552976,2
0.2429519580170149,-0.8066771343862433,-0.1547191888209746,-0.6282660563276996,-0.06519613719601862,-0.642526385650819,0.05437737682498802,-0.6472092885330025,0.1754382725634953,-0.6285989061196808,0.4358587544164435,0.09065171683232674,0.11966517803745512,0.12248300621139165,0.19044671986168396,15.548367081188184,127.93331272365471,128.42625095362814,122.9686354578907,117.39153170085471,34.101842394460455,2
-0.11452539027333662,-1.1025665357381274,-0.23675536414350012,-0.8704401851800968,-0.09223196997733824,-0.8253389646716707,0.042933441803839976,-0.7211840089879111,0.1854160295949444,-0.6327557730203455,0.2623410168762989,0.1513972640197222,0.17063980583516083,0.16769269733648287,0.5573930463488618,40.402314139221396,177.2223986825605,176.91193674686227,171.05011530112776,124.17966060888253,33.76729993574876,2
-0.6197202235726317,-1.0830009858010876,-0.5637553703109236,-0.651563267767072,-0.3908922023760618,-0.6795618555647769,-0.20867837343272094,-0.5911369817976786,-0.07204664026353172,-0.6025475578083814,0.43505237540209263,0.1751159494367718,0.20253601595499096,0.13710737308296936,0.728547768045838,23.097122374229894,165.18857926025606,159.7207945985328,139.30042873480713,116.61931968015664,35.2520814593897,2
-0.315056798769116,-1.0856848423095091,-0.3580379217677513,-0.8017616234985007,-0.19301911000205207,-0.7697822911087876,-0.06359912913861171,-0.6013055771745188,0.057733116954146624,-0.5610310955902892,0.2871580942864533,0.16808892270656928,0.21244748665207291,0.1278418859716647,0.6436100334919218,35.484733371212556,153.45016416095046,146.68034633568496,113.97571706329225,101.66522561476401,31.097613959072902,2
0.29526526917020557,-1.2504938060712254,0.30258708095832737,-0.9946153272026106,0.13067785656289266,-1.0231598695851885,-0.031181183119557945,-0.8914780810574527,-0.16332644425815024,-0.7574171538226806,0.2559832120979359,0.17426294021412214,0.2086586738115347,0.18824107482808747,0.6733728125026935,19.369930960827226,156.44823437567072,142.87570511297005,133.07101835714377,125.07780051961461,30.318985766090737,2
0.31068880945335253,-1.1722475378271695,0.2901155409710823,-1.0363113618534767,0.1473085823426929,-1.003386551971009,-0.011003784306444839,-0.8430652643708062,-0.1400575369287286,-0.7077133405082914,0.13748419296193415,0.14655330272118455,0.22531249564069444,0.18701608048287618,0.647274508423968,3.9472627299364333,158.73676175948205,140.25816148246523,127.78895305321123,121.57108541802631,31.89038005112634,2
-0.938688285635911,-1.316956607392777,-0.41917909128088154,-1.3053111128473136,-0.5582346495047515,-1.0436916897756339,-0.6404119044463933,-0.7192899299046659,-0.7383402672553714,-0.4309347221075768,0.5196397026427254,0.2962788733631047,0.33464847681877286,0.304530277815112,0.9083909453937492,29.037362023860815,149.36459147436614,159.13756292896483,172.0670225045819,174.900648717647,63.05474266364059,2
-0.3508650474258888,-1.1753967614175491,-0.10556050711349094,-1.276002396366472,-0.25897723358457775,-1.1410341241260105,-0.41303295138561535,-0.9197679571478314,-0.5163942812675753,-0.7239900857500305,0.2651335725277973,0.20433581788976596,0.26961431867838237,0.22138775811688685,0.48079924510487326,49.13315410912335,170.699336006541,173.55281280821708,162.29187883911493,141.42996051679333,46.94956595485396,2
-0.18415077051489392,-1.0568247239642548,-0.3336857806494699,-0.8194222422974973,-0.16507563120609028,-0.786321217727833,-0.02003082218533944,-0.6210287531746144,0.12037725486340262,-0.5659393457360639,0.280572018486311,0.1718285783066377,0.2199081523317022,0.15082861436894562,0.5776727211830575,41.23433930834717,168.09885316457817,163.21743162039692,135.45357623475329,106.83503810957974,35.395948939935,2
0.4308151371322189,-0.9737331005983755,0.2849040203675388,-0.9242474067855618,0.3327913197014541,-0.7219698364136325,0.32960317382843884,-0.4734376454229857,0.3818745338662827,-0.2895171228181732,0.15407429340305817,0.2078687300030161,0.2485526387562984,0.19120421992056882,0.6859640565640098,86.52619862794421,151.87311608855873,139.23064793151127,108.933445666383,96.59643439178619,43.81705901754661,2
-0.3535314683894883,-2.2469363773220823,0.3316389980375488,-1.8645852292730403,-0.008431793864930206,-1.6516745287392682,-0.20890009013836427,-1.2290334114029593,-0.4615024963371211,-0.997020862349571,0.7846342896396155,0.4012220207154148,0.46777457377892717,0.3429836709460855,1.254570260067194,71.35661710151241,150.10755272486432,161.9229969495369,178.1654205630553,172.73294983401973,72.36930990600393,2
0.14478688515513344,-1.798479145365686,0.3124401176323644,-1.3656103823754075,0.09148302640388187,-1.3377316359957265,-0.11900453473840746,-1.1813173959962386,-0.291254829494682,-1.0294519755775375,0.4642014350826572,0.22270891464836906,0.2622411635694259,0.22963725734856769,0.88404477532935,12.854747206617406,174.60563953605697,163.320730694602,155.95172243282877,147.323853788043,42.737897588254626,2
-0.3585879893107449,-0.7628449225795716,-0.1724172069755881,-0.7109255540886873,-0.27830044223140843,-0.5138925492390677,-0.3669302638186052,-0.36449938210675226,-0.44229355611372434,-0.1484079618430154,0.1932748846068122,0.22368116708455724,0.1737053932968181,0.22885612890451176,0.6201124096750398,64.13864288823387,10.539285859780867,0.8012724783730515,14.99653917570877,30.667854895590068,46.97523632991307,2
-0.24761969861047178,-1.1735409422312038,-0.3681646115739192,-0.8509233341109594,-0.1966703806372581,-0.8449459692352544,-0.03962664107270111,-0.6675256325932134,0.112339425384375,-0.6206669974282829,0.3444026671072578,0.17159836868517767,0.23694031313939715,0.15902646648893554,0.65972734503663,32.50469107990276,171.29372133871817,168.82482423156026,153.83824638597827,133.05250642429687,35.62758214120283,2
-1.0735211188626441,-0.24226982225726998,-0.8751072505389134,-0.03900706663010697,-0.7158443730682827,-0.23731172283013302,-0.5157926503616171,-0.34901443965872336,-0.4119049042261288,-0.5096646549466696,0.284048958752421,0.2543411111299855,0.2291248321435127,0.1913142845403216,0.713607743805337,37.03205861172288,133.91692803294458,128.73176239747966,105.02123138490249,98.8646091178855,41.92842999852672,2
-1.306430449097436,-0.3281815655378014,-0.9527816284014603,0.0009146784804773657,-0.812065879459506,-0.21066452985654607,-0.6118423124426451,-0.3697688476412022,-0.4905695740935895,-0.5494163765618869,0.48308573380570136,0.254099750886963,0.2557413942377656,0.21674942148477985,0.8453246766603381,35.70049103838057,156.74813104217807,151.36052033428598,137.1040516965391,119.60561474817297,47.238745477329374,2
-1.1496621289672866,0.14008297507068737,-0.787490148144941,0.11921062097469795,-0.7268531905416902,-0.046592917610544446,-0.6117882626068202,-0.15694578646117913,-0.5461816968854766,-0.3043895854685335,0.36277293016195383,0.17654363209916804,0.15942927367400944,0.161381211209577,0.7494961567466103,44.347709570331695,118.87898002304838,120.4170996467663,112.28457812617563,112.44243805091097,32.71882048314173,2
-0.23573048930878673,-1.361806707977417,-0.36478093614200524,-0.9101901617332611,-0.17812248937971026,-0.7776048981452168,-0.02705178278214047,-0.6103881925704474,0.13440721084592117,-0.5773710018310647,0.46969300896367744,0.2289546415088012,0.2253525793399493,0.16480030797212492,0.8673760972917934,36.10141189093034,173.35687076039707,171.39740188231025,165.1592089748591,144.83218962906886,36.94517976698951,2
0.01962158930452722,-1.381145227740467,-0.2492105578439194,-0.9863066313159538,-0.09271704366880623,-0.8321310532409204,0.03540116949809311,-0.6320855614506804,0.18867199185876024,-0.5714126832787204,0.4776695935130513,0.21968233623495326,0.23755520480654185,0.1648427830776485,0.8271909284828035,37.463076594316014,178.3004373328869,178.36497167755985,173.66779581022746,160.74914301951833,37.3929755531572,2
0.12122535613653408,-1.27705549454679,-0.1933565732672296,-0.9947987183188872,-0.02907822055945853,-0.8341764748986847,0.10661268820978308,-0.6252421573757789,0.2514541682685293,-0.523339512420092,0.42264722645956515,0.22975396024816985,0.24912962842942843,0.17709659340194253,0.7648838638790358,37.744137214900825,179.32037271259114,178.9872072812482,174.98800533016365,160.09215437967322,38.806031474486126,2
-0.4690178763871947,-1.2631968423568727,-0.5196097496443315,-0.7786114231617759,-0.32476646836842105,-0.7661120037031676,-0.13570631193989172,-0.6240611937165405,0.028601738146943806,-0.6326983429275745,0.48721921774100196,0.1952437956636927,0.2364786996045031,0.16453490714687785,0.8032145656994159,26.55104679224193,173.47572539528866,170.4900965952466,162.14179513726575,139.11908937852172,39.019133337062996,2
-0.9208608630719171,-0.8571381744109092,-1.3631394016610856,-1.7974283701144862,-0.5224098340862802,-0.4757841144967556,-0.33210613518634974,-0.5198409553775278,-0.20593285569615977,-0.6373827213575053,1.0391130630652479,1.5663874821390347,0.19533689626742068,0.17244060776685224,0.747940181349403,26.293198259697068,3.5388146436038577,154.69142360078985,138.0100131482376,130.16019719068794,37.90685282608643,2
0.18489852126286307,-1.1251657209109764,0.1481460776780598,-0.9933718636644628,0.19790703758594658,-0.8074765522771671,0.20428998532959303,-0.574371914088506,0.2679893003032799,-0.41554790142520126,0.1368223772537539,0.19244017233086746,0.23319201179921392,0.17112179792940038,0.7144659035204476,65.03537252653408,143.49819360342693,135.18934246392166,117.02566954971348,118.48027793100175,30.772721273705727,2
-0.4849897573063674,-0.9091597861764021,-0.43260458455069434,-0.7132939231450905,-0.2680755308350711,-0.6677116009376924,-0.13775676848139592,-0.5521021821949276,-0.02988765171732119,-0.5246405382547378,0.20275019759704854,0.1707265580229904,0.17420825905631918,0.1113098748510632,0.5957960880484411,37.54065902000177,132.5433056558869,125.48654772530085,106.20040679283737,98.3460306519277,25.4997468921177,2
-1.3093809335420572,-0.09646609820131798,-0.8679856856102264,0.005475208946930405,-0.7444231621735697,-0.16409044972564643,-0.5621448630540385,-0.2733863694132549,-0.46951287587856355,-0.4075588472432653,0.4530141222963098,0.20980993732208958,0.2125346475054584,0.16304275161785634,0.8956322084371048,38.05398565457392,144.9375725342008,141.14303405717703,124.28964522503641,110.8554965431907,41.12257151147739,2
-1.4284242313094109,0.07156579641105884,-0.893984377205394,0.18095431576524987,-0.7764285271065747,-0.03830814450613498,-0.6040727490379897,-0.19787178432239289,-0.5534917719743843,-0.4273767901692783,0.5455197574985026,0.24878787023630533,0.2348767110316385,0.2350127293350041,1.0071993412932294,37.224081837464915,150.15417128743366,147.76994744266963,132.38199009389058,120.51667124278914,46.64060499621401,2
-0.054020389361612936,-1.0815895829985698,0.110481714115895,-1.1385349207183038,-0.031733694705096405,-1.085200037354368,-0.17225705312752312,-0.8594480420414233,-0.28715534718815705,-0.7008564519958688,0.1740796183834836,0.15188756463109926,0.2659149819963019,0.19583899103912158,0.44644106621580454,54.84523779787209,172.915848774327,171.13814873508028,155.5570147618939,130.77628374864616,38.44138127775686,2
0.9713373649925225,-1.7390082096617834,1.0584725074326324,-1.0208201958623768,0.7829422046998553,-1.183997779769838,0.5166364802213156,-1.2670175971814213,0.24562693276307926,-1.2777240530338325,0.7234545985845932,0.3202247204915516,0.2789462833111288,0.2712209486939342,0.8599062184928106,15.93264715052247,173.29540834418475,164.5319493562349,153.2165317293144,140.2355639548803,52.63931423033353,2
0.0929032610338226,-1.0227448427541752,0.27762781518481544,-1.050704625441608,0.13628609564427652,-1.0459660066955287,-0.017451383973120963,-0.8846003670308338,-0.14369957951763512,-0.7664483255928041,0.186828558722192,0.14142113063576128,0.22287683213718262,0.17291186128840258,0.3488105630081571,44.64088547774232,168.25827450642493,175.5171484256562,158.3467270351008,129.13183446701223,37.400280847026735,2
-0.050262367249999385,-1.1480438126689654,-0.20079931762927797,-0.9087516757727618,-0.04384102596919709,-0.8204775495841439,0.06387504237402003,-0.6088332079135165,0.18795397073354736,-0.5470982179169304,0.2827049702602429,0.180078390361573,0.2374785858567334,0.13858856176729487,0.6464384205275615,45.352341475523275,163.08023442868907,161.08443604898773,139.46555297624903,123.64441375732683,34.12289056789864,2
-0.3142325575166067,-1.145531767627896,-0.3986568057419953,-0.8190778553067088,-0.22243101510939334,-0.8037203331506295,-0.08008708579882318,-0.6196991555604303,0.05712216125650894,-0.5954804242240046,0.3371937285274318,0.17689370472365637,0.23264906622046913,0.13933027102908085,0.6636722139245288,27.951643772283035,164.46169925487862,163.52877308431485,137.97151106073434,120.25511183399506,33.67851048624313,2
0.05783114825566812,-1.2003676368573262,-0.09684320931388143,-0.9559849508341233,0.039360272858748345,-0.8344569257208616,0.11145365881152482,-0.6213166932860257,0.20906913388182188,-0.5372692895187713,0.28921800448358714,0.18253889844052262,0.22500269994049377,0.12881283729976478,0.6801267135904746,46.459421570342315,162.05098748817545,159.1179515937797,142.32432863185034,128.68259816960457,32.961442624294655,2
-0.5178455805583022,-1.1191832804763546,-0.1616832588925538,-1.8029633227233124,0.1422096899974001,-1.8858935007586513,0.3855610609496705,-1.6825280076206,0.6726776331644228,-1.1985912027220502,0.7709777853800895,0.3150052996601885,0.3171394228783806,0.5626995265465984,1.1931685298096257,10.762381164955857,3.011727992616598,1.5925931060918683,0.8021454581236467,1.7942626766775367,33.151746360494336,3
-0.5533650747619353,-1.08318067026442,-0.2574613763541194,-1.822885620277359,0.012769916623986102,-1.9844699227922966,0.2892494741408793,-1.8526148979694066,0.5574333921047107,-1.4312338095617232,0.7966946791620163,0.31485621881083686,0.3063114318725013,0.4994843696474144,1.164050781438679,7.0841060938708935,4.741739569486255,1.1536555273742686,0.06270079285127877,4.876013936186146,33.908738360516075,3
-0.5307466506696465,-1.0541543100715818,-0.2272801771295268,-1.7769717296602192,0.03543484636698919,-1.9126028146033267,0.29095027165436427,-1.7965320749449403,0.5619885603906593,-1.3975038337483863,0.783936810351225,0.29566023536082664,0.28064309926423114,0.4823746378423253,1.1454078474063725,8.442011680918274,2.725217197825541,0.6980196931142829,0.9835327893385323,3.495630586715755,33.26368165105499,3
-0.5427679984137391,-1.0671340788149353,-0.22000632213320767,-1.786889754261648,0.028090229133916577,-1.9149911134023425,0.2975204928314702,-1.7845575235192843,0.5539068919080368,-1.4020405659143318,0.7888113412047092,0.27921650553707245,0.2993419255064601,0.460492354428168,1.1466726517029773,10.857149778899545,3.626674339642573,1.7154031962867213,0.06013268582354922,1.6721392868618408,32.64045852361155,3
-0.538152284076034,-1.0658794814688892,-0.20855889720080717,-1.7471538376952511,0.023406994040656735,-1.881167172394797,0.2931858846435479,-1.744997048361867,0.5537344518593198,-1.4044702276330667,0.7568134176423716,0.26789503275861454,0.3021968770422193,0.4287704181888673,1.143179923502672,5.732432761308041,2.2282283299324517,0.3096173287449542,2.745837805079408,3.3126818778391525,30.647115871506436,3
-0.5513027876972935,-1.0586199210648892,-0.22833225157045847,-1.7685577533456456,0.031877770637165105,-1.8997701951632575,0.3189922078574879,-1.740107171928809,0.5419724819637115,-1.384461545584892,0.7799498015318387,0.29142059046167645,0.32852242092238804,0.4197666187038264,1.1407995352042257,5.738054761933854,2.9672580274145925,1.0422727826036462,0.30020599239602047,1.626818988452526,29.853609072879628,3
-0.5638194062410354,-1.095874972332453,-0.21166718287926697,-1.8092299359434993,0.0545083323381208,-1.9595765970190961,0.33938591501164495,-1.7950529134453206,0.5700968849464714,-1.3423559957843432,0.7955416346912046,0.3057016902109346,0.32897306814782634,0.5080964976340795,1.1603960747703008,4.787871590023099,3.554161768966166,1.7335526313001528,0.9881798819877893,1.1090428174522562,30.878291978516824,3
-0.5767318786894803,-1.0729945156590075,-0.23417915963915323,-1.8295239577535394,0.03607675798482121,-1.9888780626597216,0.3231263126771024,-1.8204073196082244,0.593503869476841,-1.4071412084288086,0.8304692421063142,0.31373873168805116,0.33283605290497076,0.4938551425978605,1.2170068687461815,9.16801542251015,4.297225906184693,2.5658521719740963,0.44682122612330843,0.6318669294729162,31.903965527181153,3
-0.6162265169776651,-1.0819378548418839,-0.2661707506740246,-1.833275389951798,0.01000211676314989,-1.9608020898467198,0.30552397435523254,-1.814304196289866,0.5577829344672344,-1.3781240334843068,0.8288830624324943,0.30419485842887056,0.32984056926228833,0.5038727194261193,1.2107949638567033,7.3269075716857515,4.261509855151672,2.1476982754250717,0.4881936256864724,1.2083908822463154,32.44719475938534,3
-0.45890252879899796,-1.211211577473483,-0.05040903264340135,-1.9245184879730002,0.22213422532265217,-1.9971571765346279,0.5175569787877954,-1.763660925419025,0.7202392889090258,-1.2502580801815126,0.8219937256255601,0.28205709801156204,0.37655690479656256,0.5519624990287398,1.1797881401512351,3.6395070865475616,4.681034192971824,0.6947630224973227,3.4776284251339833,5.173940160103276,36.17169686727421,3
-0.19899951970908572,-1.3283996145322758,0.27497388864949524,-1.8372038342646828,0.5873099339575869,-1.7689550311844695,0.7932474011934735,-1.4847159121072042,0.9204820327177874,-0.9147530159970596,0.6953650306483304,0.31970565262531725,0.3510015914854969,0.5839917417236236,1.1934581914352242,5.625547014230682,0.6599849688520162,0.1382650135917591,3.589185370689018,9.213330930085066,38.550694854437154,3
0.29708928265735407,-1.4499760934775192,1.0545309641438896,-1.4622339802992086,1.3418345412104933,-1.20223278856887,1.4453528534928155,-0.7772962308897655,1.365350282719202,-0.18703032664710526,0.7575408613682061,0.3874841481873319,0.43736382912850397,0.5956628652533179,1.654150408580792,7.123046513120429,6.5700920383531765,1.221704115994306,6.729166257403887,9.836010181540766,49.45492371265666,3
0.6157360305880973,-1.3710103527186985,1.4378228018834074,-0.9984938034578398,1.673731372114856,-0.6482935357544947,1.7652681408218927,-0.24523819078115405,1.6642393448839181,0.2799410117580188,0.9025493000451361,0.4222476536443286,0.41331899440614167,0.5348083884797978,1.9557606213330032,7.500931071280762,5.5650951654219165,2.226389011564713,3.5925268816221507,1.9579520840583398,49.72045127659016,3
0.601781093715289,-1.0564872240197534,0.23865683990839423,-2.0005795386348173,-0.04007805840200067,-2.1430661494761147,-0.29717581739868404,-1.978072975852099,-0.5516606180163737,-1.5159850476781158,1.0115184240625787,0.31304245367864325,0.30548650546896716,0.5275298731916037,1.2415981766695856,9.829124115809154,3.47703817095176,1.2319245281554505,2.2122155999459427,6.051808435479207,32.65604931649591,3
-0.5077616982877932,-1.0224092340465603,-0.19358155565803745,-1.8934818869366208,0.04556555510982944,-2.077959506932232,0.28809459545859645,-1.918494996495707,0.5471059998117344,-1.4719342057002993,0.9260003934317639,0.30203200636333816,0.29025724022193566,0.5162397189879955,1.1466553800659076,15.122428844530498,5.450867607243073,5.107068939301477,7.652566792302724,12.207844895189842,31.482883245072554,3
-0.38944965494094186,-1.0368319321484127,-0.13286194146220745,-1.8645153165154256,0.06857125730327496,-2.041836326908934,0.280873903684804,-1.8980204409434887,0.5178915130239389,-1.5024727390373214,0.8665431549931472,0.26836183464097335,0.25642820187457266,0.46112398725298265,1.0198477122217944,17.364939926721345,6.0385653171509945,5.83892793880274,8.602304801901035,14.610573655831182,29.16386153282384,3
-0.19314256818040065,-1.1979458303704842,0.16988569774943577,-1.901458511154932,0.4772547410616227,-1.977346676149499,0.6801302919697872,-1.7145293527552947,0.8185677021425396,-1.2383520090438715,0.7916562472996372,0.3165987087353511,0.3320111965467205,0.49589291101951205,1.0125168296635383,13.092445905972404,7.948660312304945,4.095629458214038,6.644070579349551,12.195882236032666,31.89298879759123,3
-0.0413521736404051,-1.4645532549341822,0.6044301689696385,-1.9908486740549562,0.912977413599276,-1.940762624980219,1.081723544896522,-1.5632690158752087,1.1557032197105404,-0.8900053808066432,0.8330796493819945,0.3125860113320145,0.4134932668652703,0.6773159636324295,1.3277977535811172,14.933753504533948,2.4937954240599005,5.426642521702025,8.931409059353657,14.465667515416222,40.699943997583986,3
0.21622087760742376,-1.5145539910913668,1.0473427384092537,-1.7434272875818644,1.3281058260730227,-1.560303236762508,1.4043738305399436,-1.1325417753755036,1.3507204162058435,-0.5538183578891049,0.8620594720488394,0.3352049065616186,0.4345073950502016,0.5812051985459551,1.4866412344559055,5.759614311410397,3.838199282978889,1.7986137913044995,2.014888179024756,5.473746228361152,41.775525105811006,3
-0.5176918301927468,-1.664526536371251,-1.46939341717863,-1.570845294711397,-1.7793590418823715,-1.2428212971255765,-1.775287409272063,-0.6916829507303595,-1.5639634438468408,-0.08816154310340502,0.9563012525927072,0.45130746890580387,0.5511533861452432,0.6394496913964858,1.8919859622995827,3.2664930993063606,3.4031789380684074,3.207914555681129,4.353348840159764,7.228364008491565,50.77502620614821,3
-0.6498389068321322,-1.1176437133306265,-0.38299889783508034,-2.0922116904011654,-0.079180100385946,-2.282547345377853,0.22609216003241514,-2.0897010305237385,0.5785367512077619,-1.5564848339117663,1.0104386831138785,0.35851572244302315,0.36108289094576057,0.6391687587625781,1.3044110879541975,7.365094138294272,3.5856438867551064,2.512316490486989,1.345676747935117,1.8996337592273644,38.224869284996934,3
-0.6590950495606352,-1.094302875973798,-0.27179812782649354,-1.9674115707396282,0.04375319109448797,-2.113196610357511,0.28620978270246167,-1.9488283167852856,0.5288525887010594,-1.4555317666625478,0.9551532329738687,0.34760021957582055,0.292920014246212,0.5497426831399104,1.2416545021541874,3.293704002349554,5.894875033823105,3.9320301251410306,3.298824816545149,0.2474945615565756,33.30365126605549,3
-0.5994350963037343,-1.088907878913093,-0.17555361608434325,-1.8735177692969414,0.11911609075406805,-1.9897894961498128,0.33996553044379324,-1.8307470872958762,0.561752657881794,-1.4005627426368752,0.8917893189319641,0.3167796562179838,0.2721561368503902,0.483991839070551,1.2022835582977587,11.672505003246789,6.50698907418227,5.325685449703187,3.5333933766807593,1.13254055971764,30.428140517083953,3
-0.6159093487867805,-1.0450313021470707,-0.22912750765627612,-1.8185117343406851,0.0603525470308413,-1.9258684253916551,0.270631265981228,-1.799482654989452,0.4848826659795766,-1.403398100481488,0.8647960289078132,0.3087461111901977,0.2453375279152664,0.45031837262210916,1.1576570398532704,10.085826735822904,8.337481348926786,4.70404442865092,2.9486846704260694,0.21709146153015796,30.839871395195814,3
-0.572884815044488,-1.082869322335927,-0.16837418435801613,-1.8286769958156035,0.13721245834357548,-1.9324872851684038,0.37487216747570934,-1.7746423846975445,0.5927973493100521,-1.352672169904993,0.8484444213733361,0.3227379314136198,0.28530185759897525,0.4749213061651408,1.1964984265976542,6.92801829304351,5.507290445778064,4.198312136746858,1.0217922195893971,1.9956729123048638,32.452108944634766,3
-0.5366541113318017,-1.137476528161764,-0.1339121636884769,-1.8648564147465667,0.161474992470731,-1.9863114633249686,0.3984949148988263,-1.751825191427736,0.6138404116355418,-1.3031446747440363,0.831434047775083,0.3193820609380029,0.333410040844728,0.49768251829488097,1.16236120985254,7.748433265938776,0.6496584225176985,3.941006967705083,8.1480382395581,10.549298739045904,33.47437257667249,3
-0.3977119828222655,-1.1972159536705151,0.01626263598416677,-1.794464163186358,0.3381481038169627,-1.833093605872187,0.508541781793182,-1.6358243612897754,0.6963658770584811,-1.1629075324773797,0.7266914123517706,0.3241951391433185,0.2606705974067249,0.5088498970582591,1.0946156545774413,9.22098162694644,1.4169908261006168,0.32963678630484156,2.4633249586278345,11.435197886143415,32.70270026580959,3
-0.35907399969557624,-1.2589078279890202,0.08065078054207109,-1.893481935430929,0.3934223743270007,-1.9040982905965391,0.6163417412272814,-1.6665628778457793,0.7822744716502598,-1.1784941923666519,0.7720376805511129,0.3129517165247179,0.32575468753326603,0.5155043285666457,1.1441777335001253,5.332172276411508,0.1712986515777353,2.952525457316271,5.9744551266494765,10.306858473977684,35.01988250976548,3
-0.39458872207325635,-1.266374832647038,0.08585762942854197,-1.9997553328733602,0.41745300943552865,-2.015280325059315,0.6318651231531033,-1.7450739362561596,0.8142464939059594,-1.2371488060997253,0.8767414982670775,0.3319586140234229,0.34494064280522274,0.5396766645336089,1.209188463399838,7.794611571241529,2.263962590370831,1.14608465171326,3.403209119893045,9.093253379260052,38.03975150004067,3
-0.4612432424260423,-1.224945298181193,-0.028785161195493618,-1.9993409732850649,0.2842418698615284,-2.0720652543019824,0.5225957148108079,-1.8337390873923138,0.7116785516655458,-1.3075415164099984,0.8869659822344875,0.32136387977151604,0.3370636694097428,0.5591388046815606,1.175826377625851,11.035655469042888,2.088055700299668,0.43069924438489476,5.474717287493815,17.236620572374264,35.503442434771756,3
-0.21436038832808607,-1.2316607225484177,0.19431077748752776,-1.9389139834474578,0.4627473298997508,-1.9513959926378541,0.6656183005608317,-1.7209911373453461,0.7970177132831029,-1.2339575174495492,0.8168349262987097,0.2687265956774456,0.30699027359076164,0.5044477699153416,1.011380709567604,10.114938513156838,0.9027034047423191,1.740718022607677,6.191560249316713,16.593701728246497,32.69778031387606,3
-0.3116575429605263,-1.2005606057367768,0.08200238354593264,-1.9626545792889654,0.3616433936582232,-1.9727067394289142,0.5674620438611725,-1.7729187885654913,0.7112648483636775,-1.2685742552393349,0.8577618330641872,0.2798216225742774,0.2868388782601993,0.5244450923392879,1.02518099630801,7.110589231907961,2.6541352934205524,2.684008388978243,7.126347527062778,18.102331704484076,33.14081989997786,3
-1.3058169961671369,0.6893452569198214,-2.0719987934436936,-0.25487789894685325,-2.0625033959965053,-0.9201998084989975,-1.7495294317570271,-1.3925490370140488,-1.1430187870125539,-1.636242441601894,1.2159736487904487,0.665389664709929,0.5666272989986789,0.6536372370267561,2.331278919481637,16.010098185500944,2.8865908616052707,0.6273615905865232,3.561575875582345,7.867730117882736,58.10278935426333,3
-0.7634672026050934,1.6254953914936938,-1.7497214290981467,1.376311788845234,-2.032825789833683,0.8598447721783223,-1.9387688658995699,0.3191689156321762,-1.579636256869085,-0.30582925524255916,1.0172462175423787,0.5889705072177186,0.5487960338703773,0.7208321194742976,2.0966990285277216,3.173271674692925,6.862784256159741,5.819989399200324,1.0444908494617262,3.6263816625060716,61.09836278792627,3
-1.1738702109634023,0.43548547282762734,-1.7568247211827765,-0.36859713741157984,-1.6851570411750643,-1.0452914932872734,-1.4473845491043489,-1.3227767604230394,-0.936799016463889,-1.556454766242837,0.9931690717467028,0.6804788811063189,0.36542281190824116,0.5615184739130669,2.0059981723046323,2.5814262588255232,2.6834983656982545,0.15849278418734677,2.6961586636196215,0.5053766674731313,46.24697940412064,3
-1.0166986055719045,-0.5756870716207884,-1.0444730769450674,-1.6156088959653312,-0.6220121922258159,-2.0773416524476835,-0.3088783511871796,-2.0488801199918587,0.07450329909514636,-1.7113311543728844,1.0402926617102233,0.6258357112905623,0.31442465112224255,0.5108040661189368,1.5749314522984323,11.922252132562992,1.7592960699827023,0.9800359874088515,3.9165005828229837,7.355781128790085,36.90030189000187,3
-0.18693467994124835,-1.4087851772961573,0.4563400520548495,-2.053306907960516,0.9648682482708233,-1.8580307341552313,1.1249996370889144,-1.5127662862385347,1.1200345719207891,-0.8680903723825976,0.9106100384485293,0.5447326962857139,0.3805911200751168,0.6446950331576252,1.4143972205053736,9.167330557200843,0.2518316859421888,4.673756592709236,9.40798578851523,12.587504146065234,38.65640167409196,3
0.4043981342562202,-1.5803526576332467,1.4399956354680186,-1.6606338174032103,1.9397486047532795,-1.1682379661044147,1.9590211417739727,-0.5340529622009906,1.6686802067751492,0.21669325873745615,1.038704601477307,0.701574447001671,0.63447777727766,0.8049333803423425,2.1972216966973037,8.601494735705794,0.2975561469196815,5.0665388108144205,9.678141010901419,11.95601985541287,59.48383044579553,3
-1.188995140145647,0.43679340445565285,-1.7393120987564552,-0.30978937609053286,-1.6060266422896172,-1.057553452782086,-1.3365745964304052,-1.4160523073305213,-0.8348310954287672,-1.5772270107142243,0.9274883304617499,0.7595499504943335,0.4484705494569906,0.5269950908767608,2.0449230800426856,9.366138232051663,2.290494903185291,1.152151780922924,2.340137208320461,6.031921195206619,46.937425410451596,3
0.6326203205220718,-1.315554122766106,0.059148676145062515,-2.167504831072387,-0.44697863708638375,-2.1655159681134473,-0.6619217387243984,-1.852988676921577,-0.8188928830759721,-1.3054545239024635,1.0269808840908603,0.5061312209049664,0.37930705857062286,0.5695907205014848,1.4515483395728381,9.407822744983626,2.9336265085083038,3.082594643160703,3.2513103268998367,3.624429401960032,35.286554701575106,3
0.6106694208064279,-1.310958663927191,0.025991883362806865,-2.1548050064417463,-0.514453121272173,-2.211358511559965,-0.7034380674800434,-1.8500168339338081,-0.8427208772068913,-1.26156957917026,1.0266082371412812,0.5433958980118085,0.4077782704888495,0.6047064351602036,1.4542292254154336,9.017536643602732,2.3175779931433516,2.8279245330907865,2.95919319129356,6.352777347649132,34.10079152657989,3
0.6811591495748466,-1.2678658313281626,0.1776745993938296,-2.12808361944962,-0.3398055116530069,-2.1500823510452864,-0.5621292854577901,-1.915137245971614,-0.7631165618646233,-1.351386173398329,0.9967303222394481,0.5179474968767244,0.3234610684408239,0.5985074411441901,1.4466886251690458,10.611658647317974,0.6848020567251447,2.059919909154837,3.0985232671079257,7.6336070631855355,34.830709840913876,3
0.6378988983384554,-1.0330271951384609,0.19348648014356543,-1.9873436401411908,-0.3187675264299347,-2.125270530683024,-0.5884767466747105,-1.9198795655104677,-0.8256959132576152,-1.3770367422838339,1.0527213661023882,0.5304978740627925,0.3390110795528065,0.5924113973607785,1.5034800767080692,9.526933859791905,2.018371103176078,3.1343449228781624,2.42995682927629,4.636252795019971,39.68136772914425,3
0.4540238088232384,-1.4141355824982769,-0.2628145532999683,-2.1771083359927488,-0.752142317101247,-2.0181369657042985,-0.9570356849464917,-1.64722311237954,-1.0180607607297367,-1.0342799799448708,1.046892859841167,0.5145032137879681,0.4237432934869733,0.6159734925085456,1.520303673187426,10.320329866730669,1.5090829132838222,4.220093206285058,1.017333595051906,9.290678767098361,41.56993056680371,3
-0.08200730925329734,-1.7108649858283111,-1.0643175971518568,-2.009172898788509,-1.527176608052694,-1.5061398912105062,-1.5963314872269718,-1.0314761523192872,-1.3976483048534167,-0.37954398192296024,1.0266066007220194,0.6835793082628177,0.4796749548723596,0.6815354442402456,1.8717176188579367,2.4767756800295024,0.2776545150706605,1.4993284391712103,4.387625127570854,14.08890202697204,51.31726926419694,3
-0.4629934276931885,-1.2056461761932622,0.027802239258261204,-1.9629702086742677,0.43106857211126015,-1.940106328317327,0.6617326758477992,-1.6996721550415255,0.8735592151001171,-1.1472617249694814,0.9024522573918299,0.4039139663810627,0.3331884158121332,0.5916314443840814,1.3378272351475253,11.666997518642853,2.762666244124358,0.03305330104221692,0.6043566281268185,3.524000498454551,35.10896146263268,3
-1.162701938729982,-0.0021748465602477243,-1.5508735652631644,-0.9289951618664116,-1.3069101397287977,-1.535696338888386,-1.0163532681039957,-1.7571589874447597,-0.5090642414086122,-1.7521101281706561,1.0048249143555477,0.6539147277729044,0.36533409415765666,0.5073141507838307,1.8680245526182149,2.8272196517402084,4.22283616413184,0.5292555836487153,3.0547816687621765,5.128025862552385,41.66809401660138,3
-1.0964145797059601,1.1011412346303244,-1.9387139043179527,0.6373564929541587,-2.0475640224613496,-0.08807616188440305,-1.9203918686088421,-0.5197967253367999,-1.4585434980098133,-1.0737954532671439,0.9615427389635088,0.7335536005814132,0.4500615531492785,0.7212617471995982,2.20487798978409,14.552427767871748,6.141173958243939,0.45157530478749286,1.8038726929517077,7.950033524512788,55.50681460978331,3
-0.7133485108076624,-1.2162787387170007,-0.2653496327596839,-2.1199217388858806,0.3299475934035627,-2.2429952210680533,0.6012506399090278,-1.9964736258689189,0.9100350599510183,-1.266208388518938,1.0085998544945671,0.6078863952204401,0.36657637668386717,0.7928651429735655,1.6241512207114672,10.358976407973735,1.2520037511975328,1.4334903016261287,2.059798988920932,3.7882413579538476,42.46748890780158,3
-0.34666778041621804,-1.3910044528115162,0.22610668817786653,-2.09369973056481,0.7239596061255487,-1.9926548659134808,0.8826330326675758,-1.7027981058191062,1.0758888284038728,-1.003622483697679,0.9065601167324838,0.5080035359930352,0.33044545338526893,0.7253925510746261,1.474358197756648,7.261074217163007,1.3535557661493962,0.0831156634231819,1.8512095562229829,6.461503144765853,40.210614558549835,3